PartSerial,Group,NumFiles,MeanOfMeans,VarianceBetweenParts
SIMB001,Base,6,1.3556500369607318,9.925369488808741E-05
SIMB002,Base,6,1.3412730619183098,9.925369488808741E-05
SIMB003,Base,6,1.3604088514837667,9.925369488808741E-05
SIMR001,Remote,6,1.3622937485810047,8.336809120377323E-05
SIMR002,Remote,6,1.3459551026205683,8.336809120377323E-05
SIMR003,Remote,6,1.3611877647364896,8.336809120377323E-05
