PartSerial,Group,NumFiles,MeanOfMeans,VarianceBetweenParts
SIMB001,Base,6,1.3554036661583737,5.6623418010271453E-05
SIMB002,Base,6,1.343209992446121,5.6623418010271453E-05
SIMB003,Base,6,1.356945938876023,5.6623418010271453E-05
SIMR001,Remote,6,1.3626021808695163,8.601055261063436E-05
SIMR002,Remote,6,1.3470871463730927,8.601055261063436E-05
SIMR003,Remote,6,1.3636477560474347,8.601055261063436E-05
